{
  "Hoechst": {
    "p99": 14183.353515625,
    "p999": 21055.05859375
  },
  "CD31": {
    "p99": 2600.0,
    "p999": 12818.1181640625
  },
  "CD45": {
    "p99": 5053.25927734375,
    "p999": 22002.369140625
  },
  "CD68": {
    "p99": 3354.222412109375,
    "p999": 42327.48046875
  },
  "CD4": {
    "p99": 4326.037109375,
    "p999": 21425.591796875
  },
  "FOXP3": {
    "p99": 7571.7646484375,
    "p999": 16615.353515625
  },
  "CD8a": {
    "p99": 6767.41162109375,
    "p999": 15150.8232421875
  },
  "CD45RO": {
    "p99": 4209.92626953125,
    "p999": 10731.5927734375
  },
  "CD20": {
    "p99": 9438.099609375,
    "p999": 47490.90234375
  },
  "PD-L1": {
    "p99": 2700.764892578125,
    "p999": 5392.35302734375
  },
  "CD3e": {
    "p99": 3248.206787109375,
    "p999": 5723.67724609375
  },
  "CD163": {
    "p99": 3954.294189453125,
    "p999": 8099.76513671875
  },
  "E-Cadherin": {
    "p99": 3248.941162109375,
    "p999": 5713.0
  },
  "Ki-67": {
    "p99": 3025.411865234375,
    "p999": 5355.7646484375
  },
  "Pan-CK": {
    "p99": 4267.4443359375,
    "p999": 7987.4443359375
  },
  "SMA": {
    "p99": 1667.82373046875,
    "p999": 3061.529541015625
  }
}